item_id,store_id,supplier_id,average_lead_time_days,lead_time_standard_deviation,ordering_cost_per_order,annual_holding_cost_rate,estimated_unit_cost,target_service_level,initial_inventory,review_period_days,lost_sale_penalty,minimum_order_quantity,case_pack_size,assumption_type,seed
SYNTH_001,CA_1,SIM_C1,3,1.5,25.0,0.25,1.7550000000000001,0.95,33,7,1.08,6,6,simulated_not_walmart,42
SYNTH_001,TX_1,SIM_C1,9,1.5,25.0,0.25,1.7550000000000001,0.95,31,7,1.08,6,6,simulated_not_walmart,42
SYNTH_002,CA_1,SIM_C0,8,1.5,25.0,0.25,2.21,0.95,45,7,1.36,6,6,simulated_not_walmart,42
SYNTH_002,TX_1,SIM_C0,6,1.5,25.0,0.25,2.21,0.95,47,7,1.36,6,6,simulated_not_walmart,42
SYNTH_003,CA_1,SIM_C0,6,1.5,25.0,0.25,2.665,0.95,63,7,1.64,6,6,simulated_not_walmart,42
SYNTH_003,TX_1,SIM_C0,9,1.5,25.0,0.25,2.665,0.95,61,7,1.64,6,6,simulated_not_walmart,42
SYNTH_004,CA_1,SIM_C1,3,1.5,25.0,0.25,3.12,0.95,71,7,1.92,6,6,simulated_not_walmart,42
SYNTH_004,TX_1,SIM_C1,8,1.5,25.0,0.25,3.12,0.95,73,7,1.92,6,6,simulated_not_walmart,42
SYNTH_005,CA_1,SIM_C0,4,1.5,25.0,0.25,3.575,0.95,7,7,2.2,6,6,simulated_not_walmart,42
SYNTH_005,TX_1,SIM_C0,3,1.5,25.0,0.25,3.575,0.95,8,7,2.2,6,6,simulated_not_walmart,42
SYNTH_006,CA_1,SIM_C0,7,1.5,25.0,0.25,4.029999999999999,0.95,29,7,2.48,6,6,simulated_not_walmart,42
SYNTH_006,TX_1,SIM_C0,10,1.5,25.0,0.25,4.029999999999999,0.95,30,7,2.48,6,6,simulated_not_walmart,42
SYNTH_007,CA_1,SIM_C1,8,1.5,25.0,0.25,4.484999999999999,0.95,52,7,2.76,6,6,simulated_not_walmart,42
SYNTH_007,TX_1,SIM_C1,9,1.5,25.0,0.25,4.484999999999999,0.95,51,7,2.76,6,6,simulated_not_walmart,42
SYNTH_008,CA_1,SIM_C0,8,1.5,25.0,0.25,4.9399999999999995,0.95,70,7,3.04,6,6,simulated_not_walmart,42
SYNTH_008,TX_1,SIM_C0,9,1.5,25.0,0.25,4.9399999999999995,0.95,63,7,3.04,6,6,simulated_not_walmart,42
SYNTH_009,CA_1,SIM_C0,7,1.5,25.0,0.25,5.3950000000000005,0.95,72,7,3.3200000000000003,6,6,simulated_not_walmart,42
SYNTH_009,TX_1,SIM_C0,4,1.5,25.0,0.25,5.3950000000000005,0.95,75,7,3.3200000000000003,6,6,simulated_not_walmart,42
SYNTH_010,CA_1,SIM_C1,9,1.5,25.0,0.25,5.8500000000000005,0.95,9,7,3.6,6,6,simulated_not_walmart,42
SYNTH_010,TX_1,SIM_C1,6,1.5,25.0,0.25,5.8500000000000005,0.95,7,7,3.6,6,6,simulated_not_walmart,42
SYNTH_011,CA_1,SIM_C0,7,1.5,25.0,0.25,6.305,0.95,32,7,3.88,6,6,simulated_not_walmart,42
SYNTH_011,TX_1,SIM_C0,5,1.5,25.0,0.25,6.305,0.95,34,7,3.88,6,6,simulated_not_walmart,42
SYNTH_012,CA_1,SIM_C0,4,1.5,25.0,0.25,6.759999999999999,0.95,43,7,4.159999999999999,6,6,simulated_not_walmart,42
SYNTH_012,TX_1,SIM_C0,10,1.5,25.0,0.25,6.759999999999999,0.95,46,7,4.159999999999999,6,6,simulated_not_walmart,42
