date,wm_yr_wk,d,snap_CA,snap_TX,snap_WI,event_name_1,event_type_1,event_name_2,event_type_2
2015-01-01,1000,d_1,1,1,1,Synthetic Festival,Cultural,,
2015-01-02,1000,d_2,1,1,1,,,,
2015-01-03,1000,d_3,1,1,1,,,,
2015-01-04,1000,d_4,1,1,1,,,,
2015-01-05,1000,d_5,1,1,1,,,,
2015-01-06,1000,d_6,1,1,1,,,,
2015-01-07,1000,d_7,1,1,1,,,,
2015-01-08,1001,d_8,1,1,1,,,,
2015-01-09,1001,d_9,1,1,1,,,,
2015-01-10,1001,d_10,1,1,1,,,,
2015-01-11,1001,d_11,0,0,0,,,,
2015-01-12,1001,d_12,0,0,0,,,,
2015-01-13,1001,d_13,0,0,0,,,,
2015-01-14,1001,d_14,0,0,0,,,,
2015-01-15,1002,d_15,0,0,0,,,,
2015-01-16,1002,d_16,0,0,0,,,,
2015-01-17,1002,d_17,0,0,0,,,,
2015-01-18,1002,d_18,0,0,0,,,,
2015-01-19,1002,d_19,0,0,0,,,,
2015-01-20,1002,d_20,0,0,0,,,,
2015-01-21,1002,d_21,0,0,0,,,,
2015-01-22,1003,d_22,0,0,0,,,,
2015-01-23,1003,d_23,0,0,0,,,,
2015-01-24,1003,d_24,0,0,0,,,,
2015-01-25,1003,d_25,0,0,0,,,,
2015-01-26,1003,d_26,0,0,0,,,,
2015-01-27,1003,d_27,0,0,0,,,,
2015-01-28,1003,d_28,0,0,0,,,,
2015-01-29,1004,d_29,0,0,0,,,,
2015-01-30,1004,d_30,0,0,0,,,,
2015-01-31,1004,d_31,0,0,0,,,,
2015-02-01,1004,d_32,1,1,1,,,,
2015-02-02,1004,d_33,1,1,1,,,,
2015-02-03,1004,d_34,1,1,1,,,,
2015-02-04,1004,d_35,1,1,1,,,,
2015-02-05,1005,d_36,1,1,1,,,,
2015-02-06,1005,d_37,1,1,1,,,,
2015-02-07,1005,d_38,1,1,1,,,,
2015-02-08,1005,d_39,1,1,1,,,,
2015-02-09,1005,d_40,1,1,1,,,,
2015-02-10,1005,d_41,1,1,1,,,,
2015-02-11,1005,d_42,0,0,0,,,,
2015-02-12,1006,d_43,0,0,0,,,,
2015-02-13,1006,d_44,0,0,0,,,,
2015-02-14,1006,d_45,0,0,0,,,,
2015-02-15,1006,d_46,0,0,0,,,,
2015-02-16,1006,d_47,0,0,0,,,,
2015-02-17,1006,d_48,0,0,0,,,,
2015-02-18,1006,d_49,0,0,0,,,,
2015-02-19,1007,d_50,0,0,0,,,,
2015-02-20,1007,d_51,0,0,0,,,,
2015-02-21,1007,d_52,0,0,0,,,,
2015-02-22,1007,d_53,0,0,0,,,,
2015-02-23,1007,d_54,0,0,0,,,,
2015-02-24,1007,d_55,0,0,0,,,,
2015-02-25,1007,d_56,0,0,0,,,,
2015-02-26,1008,d_57,0,0,0,,,,
2015-02-27,1008,d_58,0,0,0,,,,
2015-02-28,1008,d_59,0,0,0,,,,
2015-03-01,1008,d_60,1,1,1,,,,
2015-03-02,1008,d_61,1,1,1,Synthetic Festival,Cultural,,
2015-03-03,1008,d_62,1,1,1,,,,
2015-03-04,1008,d_63,1,1,1,,,,
2015-03-05,1009,d_64,1,1,1,,,,
2015-03-06,1009,d_65,1,1,1,,,,
2015-03-07,1009,d_66,1,1,1,,,,
2015-03-08,1009,d_67,1,1,1,,,,
2015-03-09,1009,d_68,1,1,1,,,,
2015-03-10,1009,d_69,1,1,1,,,,
2015-03-11,1009,d_70,0,0,0,,,,
2015-03-12,1010,d_71,0,0,0,,,,
2015-03-13,1010,d_72,0,0,0,,,,
2015-03-14,1010,d_73,0,0,0,,,,
2015-03-15,1010,d_74,0,0,0,,,,
2015-03-16,1010,d_75,0,0,0,,,,
2015-03-17,1010,d_76,0,0,0,,,,
2015-03-18,1010,d_77,0,0,0,,,,
2015-03-19,1011,d_78,0,0,0,,,,
2015-03-20,1011,d_79,0,0,0,,,,
2015-03-21,1011,d_80,0,0,0,,,,
2015-03-22,1011,d_81,0,0,0,,,,
2015-03-23,1011,d_82,0,0,0,,,,
2015-03-24,1011,d_83,0,0,0,,,,
2015-03-25,1011,d_84,0,0,0,,,,
2015-03-26,1012,d_85,0,0,0,,,,
2015-03-27,1012,d_86,0,0,0,,,,
2015-03-28,1012,d_87,0,0,0,,,,
2015-03-29,1012,d_88,0,0,0,,,,
2015-03-30,1012,d_89,0,0,0,,,,
2015-03-31,1012,d_90,0,0,0,,,,
2015-04-01,1012,d_91,1,1,1,,,,
2015-04-02,1013,d_92,1,1,1,,,,
2015-04-03,1013,d_93,1,1,1,,,,
2015-04-04,1013,d_94,1,1,1,,,,
2015-04-05,1013,d_95,1,1,1,,,,
2015-04-06,1013,d_96,1,1,1,,,,
2015-04-07,1013,d_97,1,1,1,,,,
2015-04-08,1013,d_98,1,1,1,,,,
2015-04-09,1014,d_99,1,1,1,,,,
2015-04-10,1014,d_100,1,1,1,,,,
2015-04-11,1014,d_101,0,0,0,,,,
2015-04-12,1014,d_102,0,0,0,,,,
2015-04-13,1014,d_103,0,0,0,,,,
2015-04-14,1014,d_104,0,0,0,,,,
2015-04-15,1014,d_105,0,0,0,,,,
2015-04-16,1015,d_106,0,0,0,,,,
2015-04-17,1015,d_107,0,0,0,,,,
2015-04-18,1015,d_108,0,0,0,,,,
2015-04-19,1015,d_109,0,0,0,,,,
2015-04-20,1015,d_110,0,0,0,,,,
2015-04-21,1015,d_111,0,0,0,,,,
2015-04-22,1015,d_112,0,0,0,,,,
2015-04-23,1016,d_113,0,0,0,,,,
2015-04-24,1016,d_114,0,0,0,,,,
2015-04-25,1016,d_115,0,0,0,,,,
2015-04-26,1016,d_116,0,0,0,,,,
2015-04-27,1016,d_117,0,0,0,,,,
2015-04-28,1016,d_118,0,0,0,,,,
2015-04-29,1016,d_119,0,0,0,,,,
2015-04-30,1017,d_120,0,0,0,,,,
2015-05-01,1017,d_121,1,1,1,Synthetic Festival,Cultural,,
2015-05-02,1017,d_122,1,1,1,,,,
2015-05-03,1017,d_123,1,1,1,,,,
2015-05-04,1017,d_124,1,1,1,,,,
2015-05-05,1017,d_125,1,1,1,,,,
2015-05-06,1017,d_126,1,1,1,,,,
2015-05-07,1018,d_127,1,1,1,,,,
2015-05-08,1018,d_128,1,1,1,,,,
2015-05-09,1018,d_129,1,1,1,,,,
2015-05-10,1018,d_130,1,1,1,,,,
2015-05-11,1018,d_131,0,0,0,,,,
2015-05-12,1018,d_132,0,0,0,,,,
2015-05-13,1018,d_133,0,0,0,,,,
2015-05-14,1019,d_134,0,0,0,,,,
2015-05-15,1019,d_135,0,0,0,,,,
2015-05-16,1019,d_136,0,0,0,,,,
2015-05-17,1019,d_137,0,0,0,,,,
2015-05-18,1019,d_138,0,0,0,,,,
2015-05-19,1019,d_139,0,0,0,,,,
2015-05-20,1019,d_140,0,0,0,,,,
2015-05-21,1020,d_141,0,0,0,,,,
2015-05-22,1020,d_142,0,0,0,,,,
2015-05-23,1020,d_143,0,0,0,,,,
2015-05-24,1020,d_144,0,0,0,,,,
2015-05-25,1020,d_145,0,0,0,,,,
2015-05-26,1020,d_146,0,0,0,,,,
2015-05-27,1020,d_147,0,0,0,,,,
2015-05-28,1021,d_148,0,0,0,,,,
2015-05-29,1021,d_149,0,0,0,,,,
2015-05-30,1021,d_150,0,0,0,,,,
2015-05-31,1021,d_151,0,0,0,,,,
2015-06-01,1021,d_152,1,1,1,,,,
2015-06-02,1021,d_153,1,1,1,,,,
2015-06-03,1021,d_154,1,1,1,,,,
2015-06-04,1022,d_155,1,1,1,,,,
2015-06-05,1022,d_156,1,1,1,,,,
2015-06-06,1022,d_157,1,1,1,,,,
2015-06-07,1022,d_158,1,1,1,,,,
2015-06-08,1022,d_159,1,1,1,,,,
2015-06-09,1022,d_160,1,1,1,,,,
2015-06-10,1022,d_161,1,1,1,,,,
2015-06-11,1023,d_162,0,0,0,,,,
2015-06-12,1023,d_163,0,0,0,,,,
2015-06-13,1023,d_164,0,0,0,,,,
2015-06-14,1023,d_165,0,0,0,,,,
2015-06-15,1023,d_166,0,0,0,,,,
2015-06-16,1023,d_167,0,0,0,,,,
2015-06-17,1023,d_168,0,0,0,,,,
2015-06-18,1024,d_169,0,0,0,,,,
2015-06-19,1024,d_170,0,0,0,,,,
2015-06-20,1024,d_171,0,0,0,,,,
2015-06-21,1024,d_172,0,0,0,,,,
2015-06-22,1024,d_173,0,0,0,,,,
2015-06-23,1024,d_174,0,0,0,,,,
2015-06-24,1024,d_175,0,0,0,,,,
2015-06-25,1025,d_176,0,0,0,,,,
2015-06-26,1025,d_177,0,0,0,,,,
2015-06-27,1025,d_178,0,0,0,,,,
2015-06-28,1025,d_179,0,0,0,,,,
2015-06-29,1025,d_180,0,0,0,,,,
2015-06-30,1025,d_181,0,0,0,Synthetic Festival,Cultural,,
2015-07-01,1025,d_182,1,1,1,,,,
2015-07-02,1026,d_183,1,1,1,,,,
2015-07-03,1026,d_184,1,1,1,,,,
2015-07-04,1026,d_185,1,1,1,,,,
2015-07-05,1026,d_186,1,1,1,,,,
2015-07-06,1026,d_187,1,1,1,,,,
2015-07-07,1026,d_188,1,1,1,,,,
2015-07-08,1026,d_189,1,1,1,,,,
2015-07-09,1027,d_190,1,1,1,,,,
2015-07-10,1027,d_191,1,1,1,,,,
2015-07-11,1027,d_192,0,0,0,,,,
2015-07-12,1027,d_193,0,0,0,,,,
2015-07-13,1027,d_194,0,0,0,,,,
2015-07-14,1027,d_195,0,0,0,,,,
2015-07-15,1027,d_196,0,0,0,,,,
2015-07-16,1028,d_197,0,0,0,,,,
2015-07-17,1028,d_198,0,0,0,,,,
2015-07-18,1028,d_199,0,0,0,,,,
2015-07-19,1028,d_200,0,0,0,,,,
2015-07-20,1028,d_201,0,0,0,,,,
2015-07-21,1028,d_202,0,0,0,,,,
2015-07-22,1028,d_203,0,0,0,,,,
2015-07-23,1029,d_204,0,0,0,,,,
2015-07-24,1029,d_205,0,0,0,,,,
2015-07-25,1029,d_206,0,0,0,,,,
2015-07-26,1029,d_207,0,0,0,,,,
2015-07-27,1029,d_208,0,0,0,,,,
2015-07-28,1029,d_209,0,0,0,,,,
2015-07-29,1029,d_210,0,0,0,,,,
2015-07-30,1030,d_211,0,0,0,,,,
2015-07-31,1030,d_212,0,0,0,,,,
2015-08-01,1030,d_213,1,1,1,,,,
2015-08-02,1030,d_214,1,1,1,,,,
2015-08-03,1030,d_215,1,1,1,,,,
2015-08-04,1030,d_216,1,1,1,,,,
2015-08-05,1030,d_217,1,1,1,,,,
2015-08-06,1031,d_218,1,1,1,,,,
2015-08-07,1031,d_219,1,1,1,,,,
2015-08-08,1031,d_220,1,1,1,,,,
2015-08-09,1031,d_221,1,1,1,,,,
2015-08-10,1031,d_222,1,1,1,,,,
2015-08-11,1031,d_223,0,0,0,,,,
2015-08-12,1031,d_224,0,0,0,,,,
2015-08-13,1032,d_225,0,0,0,,,,
2015-08-14,1032,d_226,0,0,0,,,,
2015-08-15,1032,d_227,0,0,0,,,,
2015-08-16,1032,d_228,0,0,0,,,,
2015-08-17,1032,d_229,0,0,0,,,,
2015-08-18,1032,d_230,0,0,0,,,,
2015-08-19,1032,d_231,0,0,0,,,,
2015-08-20,1033,d_232,0,0,0,,,,
2015-08-21,1033,d_233,0,0,0,,,,
2015-08-22,1033,d_234,0,0,0,,,,
2015-08-23,1033,d_235,0,0,0,,,,
2015-08-24,1033,d_236,0,0,0,,,,
2015-08-25,1033,d_237,0,0,0,,,,
2015-08-26,1033,d_238,0,0,0,,,,
2015-08-27,1034,d_239,0,0,0,,,,
2015-08-28,1034,d_240,0,0,0,,,,
2015-08-29,1034,d_241,0,0,0,Synthetic Festival,Cultural,,
2015-08-30,1034,d_242,0,0,0,,,,
2015-08-31,1034,d_243,0,0,0,,,,
2015-09-01,1034,d_244,1,1,1,,,,
2015-09-02,1034,d_245,1,1,1,,,,
2015-09-03,1035,d_246,1,1,1,,,,
2015-09-04,1035,d_247,1,1,1,,,,
2015-09-05,1035,d_248,1,1,1,,,,
2015-09-06,1035,d_249,1,1,1,,,,
2015-09-07,1035,d_250,1,1,1,,,,
2015-09-08,1035,d_251,1,1,1,,,,
2015-09-09,1035,d_252,1,1,1,,,,
2015-09-10,1036,d_253,1,1,1,,,,
2015-09-11,1036,d_254,0,0,0,,,,
2015-09-12,1036,d_255,0,0,0,,,,
2015-09-13,1036,d_256,0,0,0,,,,
2015-09-14,1036,d_257,0,0,0,,,,
2015-09-15,1036,d_258,0,0,0,,,,
2015-09-16,1036,d_259,0,0,0,,,,
2015-09-17,1037,d_260,0,0,0,,,,
2015-09-18,1037,d_261,0,0,0,,,,
2015-09-19,1037,d_262,0,0,0,,,,
2015-09-20,1037,d_263,0,0,0,,,,
2015-09-21,1037,d_264,0,0,0,,,,
2015-09-22,1037,d_265,0,0,0,,,,
2015-09-23,1037,d_266,0,0,0,,,,
2015-09-24,1038,d_267,0,0,0,,,,
2015-09-25,1038,d_268,0,0,0,,,,
2015-09-26,1038,d_269,0,0,0,,,,
2015-09-27,1038,d_270,0,0,0,,,,
2015-09-28,1038,d_271,0,0,0,,,,
2015-09-29,1038,d_272,0,0,0,,,,
2015-09-30,1038,d_273,0,0,0,,,,
2015-10-01,1039,d_274,1,1,1,,,,
2015-10-02,1039,d_275,1,1,1,,,,
2015-10-03,1039,d_276,1,1,1,,,,
2015-10-04,1039,d_277,1,1,1,,,,
2015-10-05,1039,d_278,1,1,1,,,,
2015-10-06,1039,d_279,1,1,1,,,,
2015-10-07,1039,d_280,1,1,1,,,,
2015-10-08,1040,d_281,1,1,1,,,,
2015-10-09,1040,d_282,1,1,1,,,,
2015-10-10,1040,d_283,1,1,1,,,,
2015-10-11,1040,d_284,0,0,0,,,,
2015-10-12,1040,d_285,0,0,0,,,,
2015-10-13,1040,d_286,0,0,0,,,,
2015-10-14,1040,d_287,0,0,0,,,,
2015-10-15,1041,d_288,0,0,0,,,,
2015-10-16,1041,d_289,0,0,0,,,,
2015-10-17,1041,d_290,0,0,0,,,,
2015-10-18,1041,d_291,0,0,0,,,,
2015-10-19,1041,d_292,0,0,0,,,,
2015-10-20,1041,d_293,0,0,0,,,,
2015-10-21,1041,d_294,0,0,0,,,,
2015-10-22,1042,d_295,0,0,0,,,,
2015-10-23,1042,d_296,0,0,0,,,,
2015-10-24,1042,d_297,0,0,0,,,,
2015-10-25,1042,d_298,0,0,0,,,,
2015-10-26,1042,d_299,0,0,0,,,,
2015-10-27,1042,d_300,0,0,0,,,,
2015-10-28,1042,d_301,0,0,0,Synthetic Festival,Cultural,,
2015-10-29,1043,d_302,0,0,0,,,,
2015-10-30,1043,d_303,0,0,0,,,,
2015-10-31,1043,d_304,0,0,0,,,,
2015-11-01,1043,d_305,1,1,1,,,,
2015-11-02,1043,d_306,1,1,1,,,,
2015-11-03,1043,d_307,1,1,1,,,,
2015-11-04,1043,d_308,1,1,1,,,,
2015-11-05,1044,d_309,1,1,1,,,,
2015-11-06,1044,d_310,1,1,1,,,,
2015-11-07,1044,d_311,1,1,1,,,,
2015-11-08,1044,d_312,1,1,1,,,,
2015-11-09,1044,d_313,1,1,1,,,,
2015-11-10,1044,d_314,1,1,1,,,,
2015-11-11,1044,d_315,0,0,0,,,,
2015-11-12,1045,d_316,0,0,0,,,,
2015-11-13,1045,d_317,0,0,0,,,,
2015-11-14,1045,d_318,0,0,0,,,,
2015-11-15,1045,d_319,0,0,0,,,,
2015-11-16,1045,d_320,0,0,0,,,,
2015-11-17,1045,d_321,0,0,0,,,,
2015-11-18,1045,d_322,0,0,0,,,,
2015-11-19,1046,d_323,0,0,0,,,,
2015-11-20,1046,d_324,0,0,0,,,,
2015-11-21,1046,d_325,0,0,0,,,,
2015-11-22,1046,d_326,0,0,0,,,,
2015-11-23,1046,d_327,0,0,0,,,,
2015-11-24,1046,d_328,0,0,0,,,,
2015-11-25,1046,d_329,0,0,0,,,,
2015-11-26,1047,d_330,0,0,0,,,,
2015-11-27,1047,d_331,0,0,0,,,,
2015-11-28,1047,d_332,0,0,0,,,,
2015-11-29,1047,d_333,0,0,0,,,,
2015-11-30,1047,d_334,0,0,0,,,,
2015-12-01,1047,d_335,1,1,1,,,,
2015-12-02,1047,d_336,1,1,1,,,,
2015-12-03,1048,d_337,1,1,1,,,,
2015-12-04,1048,d_338,1,1,1,,,,
2015-12-05,1048,d_339,1,1,1,,,,
2015-12-06,1048,d_340,1,1,1,,,,
2015-12-07,1048,d_341,1,1,1,,,,
2015-12-08,1048,d_342,1,1,1,,,,
2015-12-09,1048,d_343,1,1,1,,,,
2015-12-10,1049,d_344,1,1,1,,,,
2015-12-11,1049,d_345,0,0,0,,,,
2015-12-12,1049,d_346,0,0,0,,,,
2015-12-13,1049,d_347,0,0,0,,,,
2015-12-14,1049,d_348,0,0,0,,,,
2015-12-15,1049,d_349,0,0,0,,,,
2015-12-16,1049,d_350,0,0,0,,,,
2015-12-17,1050,d_351,0,0,0,,,,
2015-12-18,1050,d_352,0,0,0,,,,
2015-12-19,1050,d_353,0,0,0,,,,
2015-12-20,1050,d_354,0,0,0,,,,
2015-12-21,1050,d_355,0,0,0,,,,
2015-12-22,1050,d_356,0,0,0,,,,
2015-12-23,1050,d_357,0,0,0,,,,
2015-12-24,1051,d_358,0,0,0,,,,
2015-12-25,1051,d_359,0,0,0,,,,
2015-12-26,1051,d_360,0,0,0,,,,
2015-12-27,1051,d_361,0,0,0,Synthetic Festival,Cultural,,
2015-12-28,1051,d_362,0,0,0,,,,
2015-12-29,1051,d_363,0,0,0,,,,
2015-12-30,1051,d_364,0,0,0,,,,
2015-12-31,1052,d_365,0,0,0,,,,
2016-01-01,1052,d_366,1,1,1,,,,
2016-01-02,1052,d_367,1,1,1,,,,
2016-01-03,1052,d_368,1,1,1,,,,
2016-01-04,1052,d_369,1,1,1,,,,
2016-01-05,1052,d_370,1,1,1,,,,
2016-01-06,1052,d_371,1,1,1,,,,
2016-01-07,1053,d_372,1,1,1,,,,
2016-01-08,1053,d_373,1,1,1,,,,
2016-01-09,1053,d_374,1,1,1,,,,
2016-01-10,1053,d_375,1,1,1,,,,
2016-01-11,1053,d_376,0,0,0,,,,
2016-01-12,1053,d_377,0,0,0,,,,
2016-01-13,1053,d_378,0,0,0,,,,
2016-01-14,1054,d_379,0,0,0,,,,
2016-01-15,1054,d_380,0,0,0,,,,
2016-01-16,1054,d_381,0,0,0,,,,
2016-01-17,1054,d_382,0,0,0,,,,
2016-01-18,1054,d_383,0,0,0,,,,
2016-01-19,1054,d_384,0,0,0,,,,
2016-01-20,1054,d_385,0,0,0,,,,
2016-01-21,1055,d_386,0,0,0,,,,
2016-01-22,1055,d_387,0,0,0,,,,
2016-01-23,1055,d_388,0,0,0,,,,
2016-01-24,1055,d_389,0,0,0,,,,
2016-01-25,1055,d_390,0,0,0,,,,
2016-01-26,1055,d_391,0,0,0,,,,
2016-01-27,1055,d_392,0,0,0,,,,
2016-01-28,1056,d_393,0,0,0,,,,
2016-01-29,1056,d_394,0,0,0,,,,
2016-01-30,1056,d_395,0,0,0,,,,
2016-01-31,1056,d_396,0,0,0,,,,
2016-02-01,1056,d_397,1,1,1,,,,
2016-02-02,1056,d_398,1,1,1,,,,
2016-02-03,1056,d_399,1,1,1,,,,
2016-02-04,1057,d_400,1,1,1,,,,
2016-02-05,1057,d_401,1,1,1,,,,
2016-02-06,1057,d_402,1,1,1,,,,
2016-02-07,1057,d_403,1,1,1,,,,
2016-02-08,1057,d_404,1,1,1,,,,
2016-02-09,1057,d_405,1,1,1,,,,
2016-02-10,1057,d_406,1,1,1,,,,
2016-02-11,1058,d_407,0,0,0,,,,
2016-02-12,1058,d_408,0,0,0,,,,
2016-02-13,1058,d_409,0,0,0,,,,
2016-02-14,1058,d_410,0,0,0,,,,
2016-02-15,1058,d_411,0,0,0,,,,
2016-02-16,1058,d_412,0,0,0,,,,
2016-02-17,1058,d_413,0,0,0,,,,
2016-02-18,1059,d_414,0,0,0,,,,
2016-02-19,1059,d_415,0,0,0,,,,
2016-02-20,1059,d_416,0,0,0,,,,
2016-02-21,1059,d_417,0,0,0,,,,
2016-02-22,1059,d_418,0,0,0,,,,
2016-02-23,1059,d_419,0,0,0,,,,
2016-02-24,1059,d_420,0,0,0,,,,
2016-02-25,1060,d_421,0,0,0,Synthetic Festival,Cultural,,
2016-02-26,1060,d_422,0,0,0,,,,
2016-02-27,1060,d_423,0,0,0,,,,
2016-02-28,1060,d_424,0,0,0,,,,
2016-02-29,1060,d_425,0,0,0,,,,
2016-03-01,1060,d_426,1,1,1,,,,
2016-03-02,1060,d_427,1,1,1,,,,
2016-03-03,1061,d_428,1,1,1,,,,
2016-03-04,1061,d_429,1,1,1,,,,
2016-03-05,1061,d_430,1,1,1,,,,
2016-03-06,1061,d_431,1,1,1,,,,
2016-03-07,1061,d_432,1,1,1,,,,
2016-03-08,1061,d_433,1,1,1,,,,
2016-03-09,1061,d_434,1,1,1,,,,
2016-03-10,1062,d_435,1,1,1,,,,
2016-03-11,1062,d_436,0,0,0,,,,
2016-03-12,1062,d_437,0,0,0,,,,
2016-03-13,1062,d_438,0,0,0,,,,
2016-03-14,1062,d_439,0,0,0,,,,
2016-03-15,1062,d_440,0,0,0,,,,
2016-03-16,1062,d_441,0,0,0,,,,
2016-03-17,1063,d_442,0,0,0,,,,
2016-03-18,1063,d_443,0,0,0,,,,
2016-03-19,1063,d_444,0,0,0,,,,
2016-03-20,1063,d_445,0,0,0,,,,
2016-03-21,1063,d_446,0,0,0,,,,
2016-03-22,1063,d_447,0,0,0,,,,
2016-03-23,1063,d_448,0,0,0,,,,
2016-03-24,1064,d_449,0,0,0,,,,
2016-03-25,1064,d_450,0,0,0,,,,
2016-03-26,1064,d_451,0,0,0,,,,
2016-03-27,1064,d_452,0,0,0,,,,
2016-03-28,1064,d_453,0,0,0,,,,
2016-03-29,1064,d_454,0,0,0,,,,
2016-03-30,1064,d_455,0,0,0,,,,
2016-03-31,1065,d_456,0,0,0,,,,
2016-04-01,1065,d_457,1,1,1,,,,
2016-04-02,1065,d_458,1,1,1,,,,
2016-04-03,1065,d_459,1,1,1,,,,
2016-04-04,1065,d_460,1,1,1,,,,
2016-04-05,1065,d_461,1,1,1,,,,
2016-04-06,1065,d_462,1,1,1,,,,
2016-04-07,1066,d_463,1,1,1,,,,
2016-04-08,1066,d_464,1,1,1,,,,
2016-04-09,1066,d_465,1,1,1,,,,
2016-04-10,1066,d_466,1,1,1,,,,
2016-04-11,1066,d_467,0,0,0,,,,
2016-04-12,1066,d_468,0,0,0,,,,
2016-04-13,1066,d_469,0,0,0,,,,
2016-04-14,1067,d_470,0,0,0,,,,
2016-04-15,1067,d_471,0,0,0,,,,
2016-04-16,1067,d_472,0,0,0,,,,
2016-04-17,1067,d_473,0,0,0,,,,
2016-04-18,1067,d_474,0,0,0,,,,
2016-04-19,1067,d_475,0,0,0,,,,
2016-04-20,1067,d_476,0,0,0,,,,
2016-04-21,1068,d_477,0,0,0,,,,
2016-04-22,1068,d_478,0,0,0,,,,
2016-04-23,1068,d_479,0,0,0,,,,
2016-04-24,1068,d_480,0,0,0,,,,
2016-04-25,1068,d_481,0,0,0,Synthetic Festival,Cultural,,
2016-04-26,1068,d_482,0,0,0,,,,
2016-04-27,1068,d_483,0,0,0,,,,
2016-04-28,1069,d_484,0,0,0,,,,
2016-04-29,1069,d_485,0,0,0,,,,
2016-04-30,1069,d_486,0,0,0,,,,
2016-05-01,1069,d_487,1,1,1,,,,
2016-05-02,1069,d_488,1,1,1,,,,
2016-05-03,1069,d_489,1,1,1,,,,
2016-05-04,1069,d_490,1,1,1,,,,
2016-05-05,1070,d_491,1,1,1,,,,
2016-05-06,1070,d_492,1,1,1,,,,
2016-05-07,1070,d_493,1,1,1,,,,
2016-05-08,1070,d_494,1,1,1,,,,
2016-05-09,1070,d_495,1,1,1,,,,
2016-05-10,1070,d_496,1,1,1,,,,
2016-05-11,1070,d_497,0,0,0,,,,
2016-05-12,1071,d_498,0,0,0,,,,
2016-05-13,1071,d_499,0,0,0,,,,
2016-05-14,1071,d_500,0,0,0,,,,
2016-05-15,1071,d_501,0,0,0,,,,
2016-05-16,1071,d_502,0,0,0,,,,
2016-05-17,1071,d_503,0,0,0,,,,
2016-05-18,1071,d_504,0,0,0,,,,
2016-05-19,1072,d_505,0,0,0,,,,
2016-05-20,1072,d_506,0,0,0,,,,
2016-05-21,1072,d_507,0,0,0,,,,
2016-05-22,1072,d_508,0,0,0,,,,
2016-05-23,1072,d_509,0,0,0,,,,
2016-05-24,1072,d_510,0,0,0,,,,
2016-05-25,1072,d_511,0,0,0,,,,
2016-05-26,1073,d_512,0,0,0,,,,
2016-05-27,1073,d_513,0,0,0,,,,
2016-05-28,1073,d_514,0,0,0,,,,
2016-05-29,1073,d_515,0,0,0,,,,
2016-05-30,1073,d_516,0,0,0,,,,
2016-05-31,1073,d_517,0,0,0,,,,
2016-06-01,1073,d_518,1,1,1,,,,
2016-06-02,1074,d_519,1,1,1,,,,
2016-06-03,1074,d_520,1,1,1,,,,
2016-06-04,1074,d_521,1,1,1,,,,
2016-06-05,1074,d_522,1,1,1,,,,
2016-06-06,1074,d_523,1,1,1,,,,
2016-06-07,1074,d_524,1,1,1,,,,
2016-06-08,1074,d_525,1,1,1,,,,
2016-06-09,1075,d_526,1,1,1,,,,
2016-06-10,1075,d_527,1,1,1,,,,
2016-06-11,1075,d_528,0,0,0,,,,
2016-06-12,1075,d_529,0,0,0,,,,
2016-06-13,1075,d_530,0,0,0,,,,
2016-06-14,1075,d_531,0,0,0,,,,
2016-06-15,1075,d_532,0,0,0,,,,
2016-06-16,1076,d_533,0,0,0,,,,
2016-06-17,1076,d_534,0,0,0,,,,
2016-06-18,1076,d_535,0,0,0,,,,
2016-06-19,1076,d_536,0,0,0,,,,
2016-06-20,1076,d_537,0,0,0,,,,
2016-06-21,1076,d_538,0,0,0,,,,
2016-06-22,1076,d_539,0,0,0,,,,
2016-06-23,1077,d_540,0,0,0,,,,
2016-06-24,1077,d_541,0,0,0,Synthetic Festival,Cultural,,
2016-06-25,1077,d_542,0,0,0,,,,
2016-06-26,1077,d_543,0,0,0,,,,
2016-06-27,1077,d_544,0,0,0,,,,
2016-06-28,1077,d_545,0,0,0,,,,
2016-06-29,1077,d_546,0,0,0,,,,
2016-06-30,1078,d_547,0,0,0,,,,
2016-07-01,1078,d_548,1,1,1,,,,
2016-07-02,1078,d_549,1,1,1,,,,
2016-07-03,1078,d_550,1,1,1,,,,
2016-07-04,1078,d_551,1,1,1,,,,
2016-07-05,1078,d_552,1,1,1,,,,
2016-07-06,1078,d_553,1,1,1,,,,
2016-07-07,1079,d_554,1,1,1,,,,
2016-07-08,1079,d_555,1,1,1,,,,
2016-07-09,1079,d_556,1,1,1,,,,
2016-07-10,1079,d_557,1,1,1,,,,
2016-07-11,1079,d_558,0,0,0,,,,
2016-07-12,1079,d_559,0,0,0,,,,
2016-07-13,1079,d_560,0,0,0,,,,
2016-07-14,1080,d_561,0,0,0,,,,
2016-07-15,1080,d_562,0,0,0,,,,
2016-07-16,1080,d_563,0,0,0,,,,
2016-07-17,1080,d_564,0,0,0,,,,
2016-07-18,1080,d_565,0,0,0,,,,
2016-07-19,1080,d_566,0,0,0,,,,
2016-07-20,1080,d_567,0,0,0,,,,
2016-07-21,1081,d_568,0,0,0,,,,
2016-07-22,1081,d_569,0,0,0,,,,
2016-07-23,1081,d_570,0,0,0,,,,
2016-07-24,1081,d_571,0,0,0,,,,
2016-07-25,1081,d_572,0,0,0,,,,
2016-07-26,1081,d_573,0,0,0,,,,
2016-07-27,1081,d_574,0,0,0,,,,
2016-07-28,1082,d_575,0,0,0,,,,
2016-07-29,1082,d_576,0,0,0,,,,
2016-07-30,1082,d_577,0,0,0,,,,
2016-07-31,1082,d_578,0,0,0,,,,
2016-08-01,1082,d_579,1,1,1,,,,
2016-08-02,1082,d_580,1,1,1,,,,
2016-08-03,1082,d_581,1,1,1,,,,
2016-08-04,1083,d_582,1,1,1,,,,
2016-08-05,1083,d_583,1,1,1,,,,
2016-08-06,1083,d_584,1,1,1,,,,
2016-08-07,1083,d_585,1,1,1,,,,
2016-08-08,1083,d_586,1,1,1,,,,
2016-08-09,1083,d_587,1,1,1,,,,
2016-08-10,1083,d_588,1,1,1,,,,
2016-08-11,1084,d_589,0,0,0,,,,
2016-08-12,1084,d_590,0,0,0,,,,
2016-08-13,1084,d_591,0,0,0,,,,
2016-08-14,1084,d_592,0,0,0,,,,
2016-08-15,1084,d_593,0,0,0,,,,
2016-08-16,1084,d_594,0,0,0,,,,
2016-08-17,1084,d_595,0,0,0,,,,
2016-08-18,1085,d_596,0,0,0,,,,
2016-08-19,1085,d_597,0,0,0,,,,
2016-08-20,1085,d_598,0,0,0,,,,
2016-08-21,1085,d_599,0,0,0,,,,
2016-08-22,1085,d_600,0,0,0,,,,
2016-08-23,1085,d_601,0,0,0,Synthetic Festival,Cultural,,
2016-08-24,1085,d_602,0,0,0,,,,
2016-08-25,1086,d_603,0,0,0,,,,
2016-08-26,1086,d_604,0,0,0,,,,
2016-08-27,1086,d_605,0,0,0,,,,
2016-08-28,1086,d_606,0,0,0,,,,
2016-08-29,1086,d_607,0,0,0,,,,
2016-08-30,1086,d_608,0,0,0,,,,
2016-08-31,1086,d_609,0,0,0,,,,
2016-09-01,1087,d_610,1,1,1,,,,
2016-09-02,1087,d_611,1,1,1,,,,
2016-09-03,1087,d_612,1,1,1,,,,
2016-09-04,1087,d_613,1,1,1,,,,
2016-09-05,1087,d_614,1,1,1,,,,
2016-09-06,1087,d_615,1,1,1,,,,
2016-09-07,1087,d_616,1,1,1,,,,
2016-09-08,1088,d_617,1,1,1,,,,
2016-09-09,1088,d_618,1,1,1,,,,
2016-09-10,1088,d_619,1,1,1,,,,
2016-09-11,1088,d_620,0,0,0,,,,
2016-09-12,1088,d_621,0,0,0,,,,
2016-09-13,1088,d_622,0,0,0,,,,
2016-09-14,1088,d_623,0,0,0,,,,
2016-09-15,1089,d_624,0,0,0,,,,
2016-09-16,1089,d_625,0,0,0,,,,
2016-09-17,1089,d_626,0,0,0,,,,
2016-09-18,1089,d_627,0,0,0,,,,
2016-09-19,1089,d_628,0,0,0,,,,
2016-09-20,1089,d_629,0,0,0,,,,
2016-09-21,1089,d_630,0,0,0,,,,
2016-09-22,1090,d_631,0,0,0,,,,
2016-09-23,1090,d_632,0,0,0,,,,
2016-09-24,1090,d_633,0,0,0,,,,
2016-09-25,1090,d_634,0,0,0,,,,
2016-09-26,1090,d_635,0,0,0,,,,
2016-09-27,1090,d_636,0,0,0,,,,
2016-09-28,1090,d_637,0,0,0,,,,
2016-09-29,1091,d_638,0,0,0,,,,
2016-09-30,1091,d_639,0,0,0,,,,
2016-10-01,1091,d_640,1,1,1,,,,
2016-10-02,1091,d_641,1,1,1,,,,
2016-10-03,1091,d_642,1,1,1,,,,
2016-10-04,1091,d_643,1,1,1,,,,
2016-10-05,1091,d_644,1,1,1,,,,
2016-10-06,1092,d_645,1,1,1,,,,
2016-10-07,1092,d_646,1,1,1,,,,
2016-10-08,1092,d_647,1,1,1,,,,
2016-10-09,1092,d_648,1,1,1,,,,
2016-10-10,1092,d_649,1,1,1,,,,
2016-10-11,1092,d_650,0,0,0,,,,
2016-10-12,1092,d_651,0,0,0,,,,
2016-10-13,1093,d_652,0,0,0,,,,
2016-10-14,1093,d_653,0,0,0,,,,
2016-10-15,1093,d_654,0,0,0,,,,
2016-10-16,1093,d_655,0,0,0,,,,
2016-10-17,1093,d_656,0,0,0,,,,
2016-10-18,1093,d_657,0,0,0,,,,
2016-10-19,1093,d_658,0,0,0,,,,
2016-10-20,1094,d_659,0,0,0,,,,
2016-10-21,1094,d_660,0,0,0,,,,
2016-10-22,1094,d_661,0,0,0,Synthetic Festival,Cultural,,
2016-10-23,1094,d_662,0,0,0,,,,
2016-10-24,1094,d_663,0,0,0,,,,
2016-10-25,1094,d_664,0,0,0,,,,
2016-10-26,1094,d_665,0,0,0,,,,
2016-10-27,1095,d_666,0,0,0,,,,
2016-10-28,1095,d_667,0,0,0,,,,
2016-10-29,1095,d_668,0,0,0,,,,
2016-10-30,1095,d_669,0,0,0,,,,
2016-10-31,1095,d_670,0,0,0,,,,
2016-11-01,1095,d_671,1,1,1,,,,
2016-11-02,1095,d_672,1,1,1,,,,
2016-11-03,1096,d_673,1,1,1,,,,
2016-11-04,1096,d_674,1,1,1,,,,
2016-11-05,1096,d_675,1,1,1,,,,
2016-11-06,1096,d_676,1,1,1,,,,
2016-11-07,1096,d_677,1,1,1,,,,
2016-11-08,1096,d_678,1,1,1,,,,
2016-11-09,1096,d_679,1,1,1,,,,
2016-11-10,1097,d_680,1,1,1,,,,
2016-11-11,1097,d_681,0,0,0,,,,
2016-11-12,1097,d_682,0,0,0,,,,
2016-11-13,1097,d_683,0,0,0,,,,
2016-11-14,1097,d_684,0,0,0,,,,
2016-11-15,1097,d_685,0,0,0,,,,
2016-11-16,1097,d_686,0,0,0,,,,
2016-11-17,1098,d_687,0,0,0,,,,
2016-11-18,1098,d_688,0,0,0,,,,
2016-11-19,1098,d_689,0,0,0,,,,
2016-11-20,1098,d_690,0,0,0,,,,
2016-11-21,1098,d_691,0,0,0,,,,
2016-11-22,1098,d_692,0,0,0,,,,
2016-11-23,1098,d_693,0,0,0,,,,
2016-11-24,1099,d_694,0,0,0,,,,
2016-11-25,1099,d_695,0,0,0,,,,
2016-11-26,1099,d_696,0,0,0,,,,
2016-11-27,1099,d_697,0,0,0,,,,
2016-11-28,1099,d_698,0,0,0,,,,
2016-11-29,1099,d_699,0,0,0,,,,
2016-11-30,1099,d_700,0,0,0,,,,
2016-12-01,1100,d_701,1,1,1,,,,
2016-12-02,1100,d_702,1,1,1,,,,
2016-12-03,1100,d_703,1,1,1,,,,
2016-12-04,1100,d_704,1,1,1,,,,
2016-12-05,1100,d_705,1,1,1,,,,
2016-12-06,1100,d_706,1,1,1,,,,
2016-12-07,1100,d_707,1,1,1,,,,
2016-12-08,1101,d_708,1,1,1,,,,
2016-12-09,1101,d_709,1,1,1,,,,
2016-12-10,1101,d_710,1,1,1,,,,
2016-12-11,1101,d_711,0,0,0,,,,
2016-12-12,1101,d_712,0,0,0,,,,
2016-12-13,1101,d_713,0,0,0,,,,
2016-12-14,1101,d_714,0,0,0,,,,
2016-12-15,1102,d_715,0,0,0,,,,
2016-12-16,1102,d_716,0,0,0,,,,
2016-12-17,1102,d_717,0,0,0,,,,
2016-12-18,1102,d_718,0,0,0,,,,
2016-12-19,1102,d_719,0,0,0,,,,
2016-12-20,1102,d_720,0,0,0,,,,
